{
    "pass@1": {
        "mutant_1": {
            "humaneval": {
                "passat10_incoder-1B": 0.0046052631578947355,
                "passat10_codegen-2B": 0.012499999999999999,
                "passat10_codegen2-1B": 0.0032894736842105257,
                "passat10_santacoder": 0.02631578947368421
            },
            "mbpp": {
                "passat10_incoder-1B": 0.01128608923884514,
                "passat10_codegen-2B": 0.014960629921259842,
                "passat10_codegen2-1B": 0.0049868766404199474,
                "passat10_santacoder": 0.030446194225721788
            }
        },
        "mutant_2": {
            "humaneval": {
                "passat10_incoder-1B": 0.003703703703703703,
                "passat10_codegen-2B": 0.018518518518518514,
                "passat10_codegen2-1B": 0.003703703703703703,
                "passat10_santacoder": 0.014814814814814815
            },
            "mbpp": {
                "passat10_incoder-1B": 0.008433734939759035,
                "passat10_codegen-2B": 0.010843373493975902,
                "passat10_codegen2-1B": 0.0036144578313253004,
                "passat10_santacoder": 0.028915662650602407
            }
        },
        "mutant_3": {
            "humaneval": {
                "passat10_incoder-1B": 0.00588235294117647,
                "passat10_codegen-2B": 0.0,
                "passat10_codegen2-1B": 0.0,
                "passat10_santacoder": 0.01176470588235294
            },
            "mbpp": {
                "passat10_incoder-1B": 0.0,
                "passat10_codegen-2B": 0.0031746031746031737,
                "passat10_codegen2-1B": 0.0,
                "passat10_santacoder": 0.012698412698412697
            }
        }
    },
    "pass@3": {
        "mutant_1": {
            "humaneval": {
                "passat10_incoder-1B": 0.013815789473684214,
                "passat10_codegen-2B": 0.034210526315789476,
                "passat10_codegen2-1B": 0.00986842105263158,
                "passat10_santacoder": 0.06968201754385965
            },
            "mbpp": {
                "passat10_incoder-1B": 0.0312992125984252,
                "passat10_codegen-2B": 0.038035870516185476,
                "passat10_codegen2-1B": 0.01410761154855643,
                "passat10_santacoder": 0.07195975503062117
            }
        },
        "mutant_2": {
            "humaneval": {
                "passat10_incoder-1B": 0.011111111111111113,
                "passat10_codegen-2B": 0.055555555555555566,
                "passat10_codegen2-1B": 0.011111111111111113,
                "passat10_santacoder": 0.04197530864197531
            },
            "mbpp": {
                "passat10_incoder-1B": 0.025301204819277116,
                "passat10_codegen-2B": 0.03172690763052209,
                "passat10_codegen2-1B": 0.010843373493975905,
                "passat10_santacoder": 0.07198795180722892
            }
        },
        "mutant_3": {
            "humaneval": {
                "passat10_incoder-1B": 0.017647058823529415,
                "passat10_codegen-2B": 0.0,
                "passat10_codegen2-1B": 0.0,
                "passat10_santacoder": 0.03529411764705883
            },
            "mbpp": {
                "passat10_incoder-1B": 0.0,
                "passat10_codegen-2B": 0.009523809523809525,
                "passat10_codegen2-1B": 0.0,
                "passat10_santacoder": 0.03703703703703705
            }
        }
    },
    "pass@5": {
        "mutant_1": {
            "humaneval": {
                "passat10_incoder-1B": 0.023026315789473683,
                "passat10_codegen-2B": 0.052840434419381785,
                "passat10_codegen2-1B": 0.01644736842105263,
                "passat10_santacoder": 0.10309628237259816
            },
            "mbpp": {
                "passat10_incoder-1B": 0.04920218306045078,
                "passat10_codegen-2B": 0.05550347873182519,
                "passat10_codegen2-1B": 0.02223680373286672,
                "passat10_santacoder": 0.10231012790067907
            }
        },
        "mutant_2": {
            "humaneval": {
                "passat10_incoder-1B": 0.018518518518518517,
                "passat10_codegen-2B": 0.09259259259259259,
                "passat10_codegen2-1B": 0.018518518518518517,
                "passat10_santacoder": 0.06584362139917695
            },
            "mbpp": {
                "passat10_incoder-1B": 0.04216867469879518,
                "passat10_codegen-2B": 0.05153949129852744,
                "passat10_codegen2-1B": 0.018072289156626505,
                "passat10_santacoder": 0.10542168674698796
            }
        },
        "mutant_3": {
            "humaneval": {
                "passat10_incoder-1B": 0.029411764705882353,
                "passat10_codegen-2B": 0.0,
                "passat10_codegen2-1B": 0.0,
                "passat10_santacoder": 0.058823529411764705
            },
            "mbpp": {
                "passat10_incoder-1B": 0.0,
                "passat10_codegen-2B": 0.015873015873015872,
                "passat10_codegen2-1B": 0.0,
                "passat10_santacoder": 0.059964726631393295
            }
        }
    },
    "pass@7": {
        "mutant_1": {
            "humaneval": {
                "passat10_incoder-1B": 0.032236842105263154,
                "passat10_codegen-2B": 0.06951754385964912,
                "passat10_codegen2-1B": 0.023026315789473683,
                "passat10_santacoder": 0.12900219298245616
            },
            "mbpp": {
                "passat10_incoder-1B": 0.06585739282589675,
                "passat10_codegen-2B": 0.06957567804024496,
                "passat10_codegen2-1B": 0.029549431321084865,
                "passat10_santacoder": 0.12677165354330708
            }
        },
        "mutant_2": {
            "humaneval": {
                "passat10_incoder-1B": 0.025925925925925925,
                "passat10_codegen-2B": 0.12962962962962962,
                "passat10_codegen2-1B": 0.025925925925925925,
                "passat10_santacoder": 0.08641975308641975
            },
            "mbpp": {
                "passat10_incoder-1B": 0.05903614457831324,
                "passat10_codegen-2B": 0.07028112449799197,
                "passat10_codegen2-1B": 0.025301204819277105,
                "passat10_santacoder": 0.13363453815261045
            }
        },
        "mutant_3": {
            "humaneval": {
                "passat10_incoder-1B": 0.041176470588235294,
                "passat10_codegen-2B": 0.0,
                "passat10_codegen2-1B": 0.0,
                "passat10_santacoder": 0.08235294117647059
            },
            "mbpp": {
                "passat10_incoder-1B": 0.0,
                "passat10_codegen-2B": 0.02222222222222222,
                "passat10_codegen2-1B": 0.0,
                "passat10_santacoder": 0.08148148148148149
            }
        }
    },
    "pass@10": {
        "mutant_1": {
            "humaneval": {
                "passat10_incoder-1B": 0.046052631578947366,
                "passat10_codegen-2B": 0.09210526315789473,
                "passat10_codegen2-1B": 0.03289473684210526,
                "passat10_santacoder": 0.15789473684210525
            },
            "mbpp": {
                "passat10_incoder-1B": 0.08923884514435695,
                "passat10_codegen-2B": 0.08661417322834646,
                "passat10_codegen2-1B": 0.03937007874015748,
                "passat10_santacoder": 0.15748031496062992
            }
        },
        "mutant_2": {
            "humaneval": {
                "passat10_incoder-1B": 0.037037037037037035,
                "passat10_codegen-2B": 0.18518518518518517,
                "passat10_codegen2-1B": 0.037037037037037035,
                "passat10_santacoder": 0.1111111111111111
            },
            "mbpp": {
                "passat10_incoder-1B": 0.08433734939759036,