{
    "pass@1": {
        "base": {
            "humaneval": {
                "passat10_incoder-1B": 0.06024844720496895,
                "passat10_codegen-2B": 0.1018633540372671,
                "passat10_codegen2-1B": 0.06459627329192547,
                "passat10_santacoder": 0.14844720496894412
            },
            "mbpp": {
                "passat10_incoder-1B": 0.10201511335012595,
                "passat10_codegen-2B": 0.22115869017632245,
                "passat10_codegen2-1B": 0.109823677581864,
                "passat10_santacoder": 0.24005037783375313
            }
        },
        "insert_line": {
            "humaneval": {
                "passat10_incoder-1B": 0.049689440993788817,
                "passat10_codegen-2B": 0.1142857142857143,
                "passat10_codegen2-1B": 0.06521739130434784,
                "passat10_santacoder": 0.131055900621118
            },
            "mbpp": {
                "passat10_incoder-1B": 0.10302267002518893,
                "passat10_codegen-2B": 0.18916876574307304,
                "passat10_codegen2-1B": 0.09848866498740555,
                "passat10_santacoder": 0.18413098236775818
            }
        },
        "comment": {
            "humaneval": {
                "passat10_incoder-1B": 0.031055900621118012,
                "passat10_codegen-2B": 0.0906832298136646,
                "passat10_codegen2-1B": 0.051552795031055906,
                "passat10_santacoder": 0.1062111801242236
            },
            "mbpp": {
                "passat10_incoder-1B": 0.042569269521410574,
                "passat10_codegen-2B": 0.15314861460957177,
                "passat10_codegen2-1B": 0.06397984886649874,
                "passat10_santacoder": 0.2261964735516373
            }
        },
        "output_mutation": {
            "humaneval": {
                "passat10_incoder-1B": 0.006832298136645963,
                "passat10_codegen-2B": 0.0055900621118012426,
                "passat10_codegen2-1B": 0.006211180124223602,
                "passat10_santacoder": 0.01801242236024845
            },
            "mbpp": {
                "passat10_incoder-1B": 0.009644670050761422,
                "passat10_codegen-2B": 0.013959390862944163,
                "passat10_codegen2-1B": 0.013451776649746195,
                "passat10_santacoder": 0.024619289340101522
            }
        },
        "output_v_mutation": {
            "humaneval": {
                "passat10_incoder-1B": 0.005590062111801242,
                "passat10_codegen-2B": 0.007453416149068324,
                "passat10_codegen2-1B": 0.003105590062111802,
                "passat10_santacoder": 0.011180124223602487
            },
            "mbpp": {
                "passat10_incoder-1B": 0.014720812182741117,
                "passat10_codegen-2B": 0.029949238578680204,
                "passat10_codegen2-1B": 0.014974619289340102,
                "passat10_santacoder": 0.03527918781725888
            }
        }
    },
    "pass@3": {
        "base": {
            "humaneval": {
                "passat10_incoder-1B": 0.10600414078674948,
                "passat10_codegen-2B": 0.16930641821946169,
                "passat10_codegen2-1B": 0.1019151138716356,
                "passat10_santacoder": 0.22091097308488605
            },
            "mbpp": {
                "passat10_incoder-1B": 0.21095717884130982,
                "passat10_codegen-2B": 0.3803316540722082,
                "passat10_codegen2-1B": 0.21473551637279598,
                "passat10_santacoder": 0.40730478589420654
            }
        },
        "insert_line": {
            "humaneval": {
                "passat10_incoder-1B": 0.09353002070393375,
                "passat10_codegen-2B": 0.19026915113871634,
                "passat10_codegen2-1B": 0.09648033126293995,
                "passat10_santacoder": 0.1946169772256729
            },
            "mbpp": {
                "passat10_incoder-1B": 0.21601595298068849,
                "passat10_codegen-2B": 0.33643996641477747,
                "passat10_codegen2-1B": 0.20232997481108314,
                "passat10_santacoder": 0.3378253568429891
            }
        },
        "comment": {
            "humaneval": {
                "passat10_incoder-1B": 0.06899585921325052,
                "passat10_codegen-2B": 0.1520703933747412,
                "passat10_codegen2-1B": 0.08623188405797101,
                "passat10_santacoder": 0.17675983436853004
            },
            "mbpp": {
                "passat10_incoder-1B": 0.10377833753148616,
                "passat10_codegen-2B": 0.3053736356003358,
                "passat10_codegen2-1B": 0.1419185558354324,
                "passat10_santacoder": 0.39955919395465994
            }
        },
        "output_mutation": {
            "humaneval": {
                "passat10_incoder-1B": 0.015269151138716354,
                "passat10_codegen-2B": 0.01594202898550725,
                "passat10_codegen2-1B": 0.017028985507246377,
                "passat10_santacoder": 0.039596273291925464
            },
            "mbpp": {
                "passat10_incoder-1B": 0.026924703891708972,
                "passat10_codegen-2B": 0.03553299492385787,
                "passat10_codegen2-1B": 0.037521150592216584,
                "passat10_santacoder": 0.058333333333333334
            }
        },
        "output_v_mutation": {
            "humaneval": {
                "passat10_incoder-1B": 0.013146997929606628,
                "passat10_codegen-2B": 0.018374741200828156,
                "passat10_codegen2-1B": 0.008488612836438923,
                "passat10_santacoder": 0.024689440993788822
            },
            "mbpp": {
                "passat10_incoder-1B": 0.03792301184433164,
                "passat10_codegen-2B": 0.06738578680203045,
                "passat10_codegen2-1B": 0.03821912013536379,
                "passat10_santacoder": 0.07813028764805414
            }
        }
    },
    "pass@5": {
        "base": {
            "humaneval": {
                "passat10_incoder-1B": 0.12683624174307404,
                "passat10_codegen-2B": 0.20565907522429264,
                "passat10_codegen2-1B": 0.1188504387262151,
                "passat10_santacoder": 0.2558414670215912
            },
            "mbpp": {
                "passat10_incoder-1B": 0.27125064971412577,
                "passat10_codegen-2B": 0.45226100515773054,
                "passat10_codegen2-1B": 0.2755787453520451,
                "passat10_santacoder": 0.4795290072368158
            }
        },
        "insert_line": {
            "humaneval": {
                "passat10_incoder-1B": 0.11766735679779157,
                "passat10_codegen-2B": 0.23094745144434586,
                "passat10_codegen2-1B": 0.11130829143251504,
                "passat10_santacoder": 0.2211623779946761
            },
            "mbpp": {
                "passat10_incoder-1B": 0.28017672224221346,
                "passat10_codegen-2B": 0.4066510735276478,
                "passat10_codegen2-1B": 0.2584862660429411,
                "passat10_santacoder": 0.4134680740474192
            }
        },
        "comment": {
            "humaneval": {
                "passat10_incoder-1B": 0.0917134969930001,
                "passat10_codegen-2B": 0.18640934634723452,
                "passat10_codegen2-1B": 0.09992112787143842,
                "passat10_santacoder": 0.21066252587991716
            },
            "mbpp": {
                "passat10_incoder-1B": 0.14668545839830477,
                "passat10_codegen-2B": 0.38454080204709934,
                "passat10_codegen2-1B": 0.18923673583623205,
                "passat10_santacoder": 0.47844948222781974
            }
        },
        "output_mutation": {
            "humaneval": {
                "passat10_incoder-1B": 0.01981662230109435,
                "passat10_codegen-2B": 0.025189786059351276,